name,pos,boone_ppr_rank
Jahmyr Gibbs,RB,1
Bijan Robinson,RB,2
Ja'Marr Chase,WR,3
Jaxon Smith-Njigba,WR,4
Puka Nacua,WR,5
Christian McCaffrey,RB,6
Amon-Ra St. Brown,WR,7
CeeDee Lamb,WR,8
James Cook,RB,9
Justin Jefferson,WR,10
Jonathan Taylor,RB,11
Drake London,WR,12
Brock Bowers,TE,13
Ashton Jeanty,RB,14
Saquon Barkley,RB,15
Chase Brown,RB,16
De'Von Achane,RB,17
Omarion Hampton,RB,18
Malik Nabers,WR,19
Nico Collins,WR,20
DeVonta Smith,WR,21
A.J. Brown,WR,22
George Pickens,WR,23
Chris Olave,WR,24
Rashee Rice,WR,25
Jaylen Waddle,WR,26
Zay Flowers,WR,27
Kyren Williams,RB,28
Derrick Henry,RB,29
Breece Hall,RB,30
Tee Higgins,WR,31
Trey McBride,TE,32
Ladd McConkey,WR,33
Colston Loveland,TE,34
Josh Allen,QB,35
Jeremiyah Love,RB,36
Luther Burden III,WR,37
Garrett Wilson,WR,38
Tetairoa McMillan,WR,39
Emeka Egbuka,WR,40
Terry McLaurin,WR,41
Javonte Williams,RB,42
D'Andre Swift,RB,43
Christian Watson,WR,44
Parker Washington,WR,45
Tyler Warren,TE,46
Travis Etienne,RB,47
Josh Jacobs,RB,48
Jameson Williams,WR,49
D.J. Moore,WR,50
Cameron Skattebo,RB,51
Quinshon Judkins,RB,52
Davante Adams,WR,53
Lamar Jackson,QB,54
Mike Evans,WR,55
David Montgomery,RB,56
Carnell Tate,WR,57
Rome Odunze,WR,58
Marvin Harrison Jr.,WR,59
Bhayshul Tuten,RB,60
Tucker Kraft,TE,61
Jadarian Price,RB,62
Bucky Irving,RB,63
Stefon Diggs,WR,64
Chris Godwin,WR,65
Jayden Daniels,QB,66
Rhamondre Stevenson,RB,67
TreVeyon Henderson,RB,68
Drake Maye,QB,69
Jalen Hurts,QB,70
Joe Burrow,QB,71
Caleb Williams,QB,72
D.K. Metcalf,WR,73
De'Zhaun Stribling,WR,74
Jacory Croskey-Merritt,RB,75
Justin Herbert,QB,76
Jonathon Brooks,RB,77
Josh Downs,WR,78
Jaylen Warren,RB,79
Rico Dowdle,RB,80
Tony Pollard,RB,81
Harold Fannin Jr.,TE,82
George Kittle,TE,83
Sam LaPorta,TE,84
Jordyn Tyson,WR,85
Alec Pierce,WR,86
Trevor Lawrence,QB,87
Makai Lemon,WR,88
Jayden Reed,WR,89
Kyle Pitts,TE,90
J.K. Dobbins,RB,91
Dak Prescott,QB,92
Brock Purdy,QB,93
Kenneth Gainwell,RB,94
Michael Wilson,WR,95
Jordan Mason,RB,96
Chuba Hubbard,RB,97
Blake Corum,RB,98
RJ Harvey,RB,99
Dalton Kincaid,TE,100
Jaxson Dart,QB,101
Kyle Monangai,RB,102
Jordan Addison,WR,103
Quentin Johnston,WR,104
Bo Nix,QB,105
Courtland Sutton,WR,106
Wan'Dale Robinson,WR,107
Jalen Coker,WR,108
Matthew Golden,WR,109
Michael Pittman Jr.,WR,110
KC Concepcion,WR,111
Rachaad White,RB,112
Aaron Jones,RB,113
Denzel Boston,WR,114
Jakobi Meyers,WR,115
Kyler Murray,QB,116
Travis Kelce,TE,117
Dallas Goedert,TE,118
Rashid Shaheed,WR,119
Isaiah Likely,TE,120
Chris Rodriguez,RB,121
Jonah Coleman,RB,122
Tyler Allgeier,RB,123
Mark Andrews,TE,124
Keaton Mitchell,RB,125
Patrick Mahomes,QB,126
MarShawn Lloyd,RB,127
Tyjae Spears,RB,128
Jaydon Blue,RB,129
Woody Marks,RB,130
Romeo Doubs,WR,131
Xavier Worthy,WR,132
Khalil Shakir,WR,133
Jalen McMillan,WR,134
Zach Charbonnet,RB,135
Brian Robinson Jr.,RB,136
Jared Goff,QB,137
Matthew Stafford,QB,138
Malik Willis,QB,139
Deebo Samuel,WR,140
Emmett Johnson,RB,141
Tyler Shough,QB,142
Juwan Johnson,TE,143
Keenan Allen,WR,144
Dylan Sampson,RB,145
Baker Mayfield,QB,146
Jake Ferguson,TE,147
Alvin Kamara,RB,148
Brenton Strange,TE,149
Isiah Pacheco,RB,150
Sam Darnold,QB,151
Justice Hill,RB,152
C.J. Stroud,QB,153
Cameron Ward,QB,154
Daniel Jones,QB,155
Jacoby Brissett,QB,156
Bryce Young,QB,157
Fernando Mendoza,QB,158
Geno Smith,QB,159
Aaron Rodgers,QB,160
