name,pos,espn_ppr_rank
Jahmyr Gibbs,RB,1
Bijan Robinson,RB,2
Ja'Marr Chase,WR,3
Puka Nacua,WR,4
Jaxon Smith-Njigba,WR,5
Christian McCaffrey,RB,6
Jonathan Taylor,RB,7
Amon-Ra St. Brown,WR,8
CeeDee Lamb,WR,9
De'Von Achane,RB,10
Justin Jefferson,WR,11
James Cook III,RB,12
Ashton Jeanty,RB,13
Drake London,WR,14
Jeremiyah Love,RB,15
Rashee Rice,WR,16
Trey McBride,TE,17
Saquon Barkley,RB,18
Derrick Henry,RB,19
Chase Brown,RB,20
Kenneth Walker III,RB,21
Omarion Hampton,RB,22
Breece Hall,RB,23
Brock Bowers,TE,24
Nico Collins,WR,25
Chris Olave,WR,26
Garrett Wilson,WR,27
A.J. Brown,WR,28
Malik Nabers,WR,29
Josh Jacobs,RB,30
Javonte Williams,RB,31
George Pickens,WR,32
Tetairoa McMillan,WR,33
Zay Flowers,WR,34
DeVonta Smith,WR,35
Josh Allen,QB,36
Travis Etienne Jr.,RB,37
Kyren Williams,RB,38
Quinshon Judkins,RB,39
Cam Skattebo,RB,40
Bucky Irving,RB,41
Emeka Egbuka,WR,42
Davante Adams,WR,43
Ladd McConkey,WR,44
Terry McLaurin,WR,45
Tee Higgins,WR,46
Jaylen Waddle,WR,47
Rome Odunze,WR,48
Colston Loveland,TE,49
Tyler Warren,TE,50
Jameson Williams,WR,51
DJ Moore,WR,52
Luther Burden III,WR,53
Carnell Tate,WR,54
Jayden Daniels,QB,55
Lamar Jackson,QB,56
Drake Maye,QB,57
Jalen Hurts,QB,58
Bhayshul Tuten,RB,59
D'Andre Swift,RB,60
David Montgomery,RB,61
Jadarian Price,RB,62
TreVeyon Henderson,RB,63
Rhamondre Stevenson,RB,64
Courtland Sutton,WR,65
Michael Pittman Jr.,WR,66
Marvin Harrison Jr.,WR,67
DK Metcalf,WR,68
Parker Washington,WR,69
Alec Pierce,WR,70
Kyle Pitts Sr.,TE,71
Harold Fannin Jr.,TE,72
Sam LaPorta,TE,73
Joe Burrow,QB,74
Jaxson Dart,QB,75
Mike Evans,WR,76
Christian Watson,WR,77
Matthew Golden,WR,78
Michael Wilson,WR,79
Brian Thomas Jr.,WR,80
Jakobi Meyers,WR,81
Trevor Lawrence,QB,82
Dak Prescott,QB,83
Bo Nix,QB,84
Brock Purdy,QB,85
Matthew Stafford,QB,86
Caleb Williams,QB,87
Wan'Dale Robinson,WR,88
Jordan Addison,WR,89
Khalil Shakir,WR,90
Jayden Reed,WR,91
Xavier Worthy,WR,92
Justin Herbert,QB,93
Patrick Mahomes,QB,94
Jaylen Warren,RB,95
Rico Dowdle,RB,96
Tony Pollard,RB,97
Kenny Gainwell,RB,98
Jonathon Brooks,RB,99
Chuba Hubbard,RB,100
Tucker Kraft,TE,101
George Kittle,TE,102
Dallas Goedert,TE,103
Travis Kelce,TE,104
J.K. Dobbins,RB,105
Kyle Monangai,RB,106
Jacory Croskey-Merritt,RB,107
Rachaad White,RB,108
Jake Ferguson,TE,109
Mark Andrews,TE,110
T.J. Hockenson,TE,111
Quentin Johnston,WR,112
Josh Downs,WR,113
Deebo Samuel Sr.,WR,114
Aaron Jones Sr.,RB,115
Isaiah Likely,TE,116
Dalton Kincaid,TE,117
Kenyon Sadiq,TE,118
Hunter Henry,TE,119
Jordan Mason,RB,120
Blake Corum,RB,121
RJ Harvey,RB,122
Woody Marks,RB,123
Stefon Diggs,WR,124
Makai Lemon,WR,125
KC Concepcion,WR,126
Chris Godwin Jr.,WR,127
Romeo Doubs,WR,128
De'Zhaun Stribling,WR,129
Tank Dell,WR,130
Jalen Coker,WR,131
Rashid Shaheed,WR,132
Kyler Murray,QB,133
Tyler Shough,QB,134
Jared Goff,QB,135
Daniel Jones,QB,136
Zach Charbonnet,RB,137
Alvin Kamara,RB,138
Tyjae Spears,RB,139
Chris Rodriguez Jr.,RB,140
Brian Robinson Jr.,RB,141
Tyler Allgeier,RB,142
Denzel Boston,WR,143
Jerry Jeudy,WR,144
Jalen McMillan,WR,145
Calvin Ridley,WR,146
Caleb Douglas,WR,147
Adonai Mitchell,WR,148
Baker Mayfield,QB,149
Malik Willis,QB,150
Travis Hunter,WR,151
Jordyn Tyson,WR,152
Tre Tucker,WR,153
Keaton Mitchell,RB,154
Isiah Pacheco,RB,155
Jonah Coleman,RB,156
Tank Bigsby,RB,157
Ray Davis,RB,158
Terrance Ferguson,TE,159
Juwan Johnson,TE,160
Jalen Nailor,WR,161
Keenan Allen,WR,162
Rashod Bateman,WR,163
Dontayvion Wicks,WR,164
Jaylin Noel,WR,165
Dylan Sampson,RB,166
Mike Washington Jr.,RB,167
Tyrone Tracy Jr.,RB,168
Braelon Allen,RB,169
Brenton Strange,TE,170
Justice Hill,RB,171
MarShawn Lloyd,RB,172
Ja'Kobi Lane,WR,173
Jordan Love,QB,174
C.J. Stroud,QB,175
Sam Darnold,QB,176
Devaughn Vele,WR,177
Germie Bernard,WR,178
Jauan Jennings,WR,179
Tre Harris,WR,180
Ryan Flournoy,WR,181
Pat Freiermuth,TE,182
Dalton Schultz,TE,183
Zachariah Branch,WR,184
Omar Cooper Jr.,WR,185
Kayshon Boutte,WR,186
Malik Washington,WR,187
Jordan James,RB,188
Kaelon Black,RB,189
Kimani Vidal,RB,190
Gunnar Helm,TE,191
Chig Okonkwo,TE,192
AJ Barner,TE,193
Bryce Young,QB,194
Cam Ward,QB,195
Jacoby Brissett,QB,196
Jaylen Wright,RB,197
Ollie Gordon II,RB,198
Samaje Perine,RB,199
Cooper Kupp,WR,200
Ty Johnson,RB,201
Isaiah Davis,RB,202
Xavier Legette,WR,203
Jahan Dotson,WR,204
Darius Slayton,WR,205
Jalen Tolbert,WR,206
Chris Bell,WR,207
Antonio Williams,WR,208
Tyquan Thornton,WR,209
Keon Coleman,WR,210
Jaydon Blue,RB,211
Kaytron Allen,RB,212
Nicholas Singleton,RB,213
Demond Claiborne,RB,214
Adam Randall,RB,215
Emmett Johnson,RB,216
LeQuint Allen,RB,217
George Holani,RB,218
Sean Tucker,RB,219
James Conner,RB,220
Emari Demercado,RB,221
Chris Brooks,RB,222
DJ Giddens,RB,223
Isaac TeSlaa,WR,224
Pat Bryant,WR,225
Greg Dulcich,TE,226
Darren Waller,TE,227
Cade Otton,TE,228
Marvin Mims Jr.,WR,229
KaVontae Turpin,WR,230
Xavier Hutchinson,WR,231
Jack Bech,WR,232
Emanuel Wilson,RB,233
Will Shipley,RB,234
Geno Smith,QB,235
Fernando Mendoza,QB,236
Aaron Rodgers,QB,237
Deshaun Watson,QB,238
Tory Horton,WR,239
Ted Hurst,WR,240
Darnell Mooney,WR,241
DeMario Douglas,WR,242
Savion Williams,WR,243
Phil Mafah,RB,244
Najee Harris,RB,245
Tahj Brooks,RB,246
Trevor Etienne,RB,247
Seth McGowan,RB,248
Kendre Miller,RB,249
Jawhar Jordan,RB,250
Kaleb Johnson,RB,251
Malachi Fields,WR,252
Evan Engram,TE,253
David Njoku,TE,254
Oronde Gadsden,TE,255
Mike Gesicki,TE,256
Michael Mayer,TE,257
Andrei Iosivas,WR,258
Tutu Atwell,WR,259
Tua Tagovailoa,QB,260
