name,pos,fp_ppr_rank
Ja'Marr Chase,WR,1
Jahmyr Gibbs,RB,2
Puka Nacua,WR,3
Bijan Robinson,RB,4
Jaxon Smith-Njigba,WR,5
Amon-Ra St. Brown,WR,6
CeeDee Lamb,WR,7
Justin Jefferson,WR,8
Christian McCaffrey,RB,9
Drake London,WR,10
Jonathan Taylor,RB,11
A.J. Brown,WR,12
Nico Collins,WR,13
Ashton Jeanty,RB,14
Chase Brown,RB,15
Brock Bowers,TE,16
James Cook III,RB,17
Chris Olave,WR,18
George Pickens,WR,19
Trey McBride,TE,20
De'Von Achane,RB,21
Rashee Rice,WR,22
DeVonta Smith,WR,23
Malik Nabers,WR,24
Omarion Hampton,RB,25
Saquon Barkley,RB,26
Josh Allen,QB,27
Kenneth Walker III,RB,28
Zay Flowers,WR,29
Garrett Wilson,WR,30
Lamar Jackson,QB,31
Tetairoa McMillan,WR,32
Jaylen Waddle,WR,33
Ladd McConkey,WR,34
Tee Higgins,WR,35
Derrick Henry,RB,36
Drake Maye,QB,37
Colston Loveland,TE,38
Emeka Egbuka,WR,39
Breece Hall,RB,40
Jeremiyah Love,RB,41
Kyren Williams,RB,42
Javonte Williams,RB,43
Josh Jacobs,RB,44
Terry McLaurin,WR,45
Joe Burrow,QB,46
Luther Burden III,WR,47
Travis Etienne Jr.,RB,48
Davante Adams,WR,49
DJ Moore,WR,50
Jayden Daniels,QB,51
Tyler Warren,TE,52
Mike Evans,WR,53
Jameson Williams,WR,54
Cam Skattebo,RB,55
Rome Odunze,WR,56
D'Andre Swift,RB,57
Christian Watson,WR,58
Jalen Hurts,QB,59
Bucky Irving,RB,60
David Montgomery,RB,61
Quinshon Judkins,RB,62
Parker Washington,WR,63
Caleb Williams,QB,64
Carnell Tate,WR,65
TreVeyon Henderson,RB,66
Marvin Harrison Jr.,WR,67
Bhayshul Tuten,RB,68
Justin Herbert,QB,69
Jadarian Price,RB,70
Harold Fannin Jr.,TE,71
Brian Thomas Jr.,WR,72
Jaylen Warren,RB,73
Trevor Lawrence,QB,74
Tucker Kraft,TE,75
Chris Godwin Jr.,WR,76
DK Metcalf,WR,77
Dak Prescott,QB,78
Kyle Pitts Sr.,TE,79
Rhamondre Stevenson,RB,80
Michael Pittman Jr.,WR,81
Courtland Sutton,WR,82
Tony Pollard,RB,83
Sam LaPorta,TE,84
Wan'Dale Robinson,WR,85
Josh Downs,WR,86
Rico Dowdle,RB,87
Michael Wilson,WR,88
RJ Harvey,RB,89
Jonathon Brooks,RB,90
Brock Purdy,QB,91
Jaxson Dart,QB,92
Chuba Hubbard,RB,93
Quentin Johnston,WR,94
Travis Kelce,TE,95
George Kittle,TE,96
Kenny Gainwell,RB,97
Alec Pierce,WR,98
Bo Nix,QB,99
Patrick Mahomes II,QB,100
Jakobi Meyers,WR,101
J.K. Dobbins,RB,102
Matthew Stafford,QB,103
Stefon Diggs,WR,104
Jayden Reed,WR,105
Jordan Addison,WR,106
Jared Goff,QB,107
Makai Lemon,WR,108
Rachaad White,RB,109
Blake Corum,RB,110
Kyle Monangai,RB,111
Kyler Murray,QB,112
Aaron Jones Sr.,RB,113
Dalton Kincaid,TE,114
Jake Ferguson,TE,115
Jacory Croskey-Merritt,RB,116
Baker Mayfield,QB,117
Jordan Mason,RB,118
Jordan Love,QB,119
Isaiah Likely,TE,120
Khalil Shakir,WR,121
Dallas Goedert,TE,122
KC Concepcion,WR,123
Jalen Coker,WR,124
Tyler Shough,QB,125
Xavier Worthy,WR,126
Jordyn Tyson,WR,127
Matthew Golden,WR,128
Romeo Doubs,WR,129
Mark Andrews,TE,130
Malik Willis,QB,131
Juwan Johnson,TE,132
Tyler Allgeier,RB,133
Woody Marks,RB,134
Tyjae Spears,RB,135
Chris Rodriguez Jr.,RB,136
Sam Darnold,QB,137
C.J. Stroud,QB,138
Tyrone Tracy Jr.,RB,139
De'Zhaun Stribling,WR,140
Dylan Sampson,RB,141
Deebo Samuel Sr.,WR,142
Denzel Boston,WR,143
Daniel Jones,QB,144
Zach Charbonnet,RB,145
Rashid Shaheed,WR,146
Keaton Mitchell,RB,147
Cam Ward,QB,148
Brenton Strange,TE,149
Chig Okonkwo,TE,150
Alvin Kamara,RB,151
Jonah Coleman,RB,152
Isiah Pacheco,RB,153
Hunter Henry,TE,154
Dalton Schultz,TE,156
Bryce Young,QB,157
Jauan Jennings,WR,158
Jerry Jeudy,WR,159
Adonai Mitchell,WR,160
Tre Tucker,WR,161
Tank Bigsby,RB,162
Jalen McMillan,WR,163
Brian Robinson Jr.,RB,165
Braelon Allen,RB,168
Tre' Harris,WR,169
Omar Cooper Jr.,WR,170
T.J. Hockenson,TE,172
Jacoby Brissett,QB,173
Jalen Nailor,WR,174
Oronde Gadsden II,TE,175
Travis Hunter,WR,176
Ryan Flournoy,WR,177
Malik Washington,WR,179
Ray Davis,RB,180
Dontayvion Wicks,WR,183
MarShawn Lloyd,RB,184
Pat Bryant,WR,186
Emmett Johnson,RB,187
Jaylin Noel,WR,188
Sean Tucker,RB,190
AJ Barner,TE,191
Kayshon Boutte,WR,196
Tank Dell,WR,197
Kimani Vidal,RB,199
Mike Washington Jr.,RB,200
Calvin Ridley,WR,202
Nicholas Singleton,RB,203
James Conner,RB,204
Gunnar Helm,TE,205
Keenan Allen,WR,206
Troy Franklin,WR,209
Kenyon Sadiq,TE,211
Aaron Rodgers,QB,212
Isaac TeSlaa,WR,213
Rashod Bateman,WR,215
Terrance Ferguson,TE,217
Geno Smith,QB,218
Darnell Mooney,WR,220
Jaydon Blue,RB,223
Emanuel Wilson,RB,224
Kaytron Allen,RB,226
Pat Freiermuth,TE,229
Zachariah Branch,WR,231
Cade Otton,TE,232
Cooper Kupp,WR,233
Antonio Williams,WR,234
Germie Bernard,WR,235
Jaylen Wright,RB,237
Ollie Gordon II,RB,238
Justice Hill,RB,239
Jack Bech,WR,240
Evan Engram,TE,242
George Holani,RB,243
Chimere Dike,WR,245
David Njoku,TE,246
Fernando Mendoza,QB,247
Greg Dulcich,TE,248
Ted Hurst III,WR,249
Malachi Fields,WR,250
Keon Coleman,WR,251
Isaiah Davis,RB,252
Chris Bell,WR,253
Demond Claiborne,RB,254
Elic Ayomanor,WR,255
Ja'Kobi Lane,WR,256
Colby Parkinson,TE,257
Devaughn Vele,WR,258
Tory Horton,WR,259
Tua Tagovailoa,QB,260
Christian Kirk,WR,261
Ty Johnson,RB,262
Elijah Sarratt,WR,264
LeQuint Allen Jr.,RB,265
Kaelon Black,RB,266
Caleb Douglas,WR,267
Chris Brooks,RB,268
Jordan James,RB,270
Samaje Perine,RB,271
Mason Taylor,TE,272
Xavier Legette,WR,273
Darius Slayton,WR,274
Tyquan Thornton,WR,275
Trey Benson,RB,276
Marvin Mims Jr.,WR,277
Eli Stowers,TE,278
Theo Johnson,TE,279
DJ Giddens,RB,280
Najee Harris,RB,281
Michael Penix Jr.,QB,282
Oscar Delp,TE,284
Kirk Cousins,QB,285
Cyrus Allen,WR,286
Deshaun Watson,QB,287
Shedeur Sanders,QB,289
Devin Neal,RB,290
Malik Davis,RB,291
Brashard Smith,RB,292
Adam Randall,RB,294
Kaleb Johnson,RB,295
Seth McGowan,RB,296
Kyle Williams,WR,297
Hollywood Brown,WR,298
Devin Singletary,RB,299
Kendre Miller,RB,300
Emari Demercado,RB,301
Brandon Aiyuk,WR,302
Mack Hollins,WR,303
Isaiah Bond,WR,304
Mike Gesicki,TE,305
Trevor Etienne,RB,306
Skyler Bell,WR,307
Isaac Guerendo,RB,310
Jerome Ford,RB,311
Andrei Iosivas,WR,312
Tyreek Hill,WR,313
Tahj Brooks,RB,314
Jake Tonges,TE,315
Jarquez Hunter,RB,317
Jaleel McLaughlin,RB,318
Will Shipley,RB,319
Audric Estime,RB,320
Darnell Washington,TE,321
Darren Waller,TE,322
Jahan Dotson,WR,323
Michael Mayer,TE,324
DeMario Douglas,WR,326
Jalen Tolbert,WR,327
J.J. McCarthy,QB,328
Elijah Arroyo,TE,329
Bryce Lance,WR,330
Joe Mixon,RB,331
Kareem Hunt,RB,332
Carson Beck,QB,333
Konata Mumpfield,WR,334
Cedric Tillman,WR,335
Tez Johnson,WR,336
Jalen Royals,WR,337
Olamide Zaccheaus,WR,338
Chris Brazzell II,WR,339
Tyler Higbee,TE,340
Calvin Austin III,WR,341
Xavier Hutchinson,WR,342
Erick All Jr.,TE,343
Cole Kmet,TE,344
Luke McCaffrey,WR,345
Max Klare,TE,346
Eli Raridon,TE,347
Mac Jones,QB,348
Eli Heidenreich,RB,350
Noah Gray,TE,351
Dawson Knox,TE,353
Bam Knight,RB,354
Charlie Kolar,TE,356
Brenen Thompson,WR,357
Justin Fields,QB,358
Kendrick Bourne,WR,359
Joshua Palmer,WR,360
Ja'Tavion Sanders,TE,361
Justin Joly,TE,363
Ty Simpson,QB,364
Malik Benson,WR,366
Michael Carter,RB,367
Treylon Burks,WR,368
Kalif Raymond,WR,371
Jawhar Jordan,RB,372
Savion Williams,WR,373
Kevin Coleman Jr.,WR,374
Anthony Richardson Sr.,QB,375
Raheim Sanders,RB,376
Roman Wilson,WR,377
KaVontae Turpin,WR,379
Dont'e Thornton Jr.,WR,380
John Metchie III,WR,381
Phil Mafah,RB,382
Noah Fant,TE,384
Tutu Atwell,WR,385
Jaylin Lane,WR,386
Joe Flacco,QB,388
Jam Miller,RB,389
Zavion Thomas,WR,390
Nick Westbrook-Ikhine,WR,391
Tommy Tremble,TE,393
CJ Daniels,WR,394
Jameis Winston,QB,395
J'Mari Taylor,RB,396
Luke Musgrave,TE,397
Demarcus Robinson,WR,398
Devontez Walker,WR,399
Roschon Johnson,RB,400
Kyle Juszczyk,RB,401
Marcus Mariota,QB,402
Rasheen Ali,RB,403
Austin Ekeler,RB,404
Mitchell Evans,TE,405
John Bates,TE,406
Colbie Young,WR,407
Sione Vaki,RB,408
Ashton Dulin,WR,409
Cade Klubnik,QB,410
Daniel Bellinger,TE,411
Ben Sinnott,TE,413
Jordan Whittington,WR,414
Isaiah Williams,WR,417
Joe Milton III,QB,420
Austin Hooper,TE,425
Barion Brown,WR,426
Odell Beckham Jr.,WR,427
Dameon Pierce,RB,428
Tommy Myers,TE,429
Ronnie Rivers,RB,431
Tyler Goodson,RB,432
Greg Dortch,WR,433
Zavier Scott,RB,434
Elijah Higgins,TE,435
Jeremy McNichols,RB,436
Khalil Herbert,RB,437
Ty Chandler,RB,438
Tai Felton,WR,440
Noah Whittington,RB,441
Robert Henry Jr.,RB,442
Riley Leonard,QB,444
Dylan Laube,RB,445
Damien Martinez,RB,446
Jacob Cowing,WR,447
Deion Burks,WR,448
Reggie Gilliam,RB,449
Zach Ertz,TE,450
Jonnu Smith,TE,451
Terrell Jennings,RB,453
Xavier Smith,WR,454
Xavier Restrepo,WR,455
Dyami Brown,WR,456
Cash Jones,RB,457
Marlin Klein,TE,458
Hunter Luepke,RB,459
Josh Oliver,TE,460
Frank Gore Jr.,RB,461
Tim Patrick,WR,462
Roman Hemby,RB,463
Quinn Ewers,QB,464
Donovan Edwards,RB,465
Antonio Gibson,RB,466
Jahdae Walker,WR,467
Matt Hibner,TE,468
Elijah Moore,WR,469
Theo Wease Jr.,WR,470
Juice Wells Jr.,WR,471
DeAndre Hopkins,WR,472
Will Kacmarek,TE,473
Miles Davis,RB,474
Jalen Reagor,WR,475
Tanner Koziol,TE,476
Van Jefferson,WR,477
Miles Sanders,RB,478
Mitch Tinsley,WR,479
Travis Homer,RB,480
Jackson Hawes,TE,481
Elijah Mitchell,RB,482
Brandin Cooks,WR,483
Cedrick Wilson Jr.,WR,484
Lew Nichols III,RB,485
Luke Schoonmaker,TE,486
Tyler Lockett,WR,487
Reggie Virgil,WR,488
Scotty Miller,WR,490
Jaret Patterson,RB,491
Nate Boerkircher,TE,492
Marquez Valdes-Scantling,WR,493
Adam Trautman,TE,494
Gardner Minshew II,QB,495
Jordan Watkins,WR,496
Sam Roush,TE,497
Taysom Hill,TE,498
Myles Montgomery,RB,499
Michael Woods II,WR,500
Jaydn Ott,RB,501
Jeremy Ruckert,TE,502
Nathan Carter,RB,503
Jalen Milroe,QB,504
David Sills V,WR,505
Jimmy Horn Jr.,WR,506
Michael Trigg,TE,507
Tyler Conklin,TE,508
Mason Rudolph,QB,509
Mo Alie-Cox,TE,511
Foster Moreau,TE,512
Jermaine Burton,WR,513
Tyrod Taylor,QB,514
Drew Sample,TE,515
Josh Cameron,WR,516
Kendrick Law,WR,517
Trey Lance,QB,518
JuJu Smith-Schuster,WR,519
Lil'Jordan Humphrey,WR,520
