rank,name,position,team,games,adp,bye,sos,injury_risk,floor_proj,consensus_proj,ds_proj,ceiling_proj,three_d_value,tier_overall,tier_positional,age,years_in_nfl,value_change
2,Jahmyr Gibbs,RB,DET,17,1.01,6,0.9%,54%,290.4,341,359,412.3,100,1,1,24,3,1.7
1,Puka Nacua,WR,LAR,17,1.04,11,-3.1%,51%,268,326,357,396.7,100,1,1,25,3,1.4
3,Ja'Marr Chase,WR,CIN,17,1.03,6,4%,37%,298.2,302,339,399.8,98,1,1,26,5,3.1
4,Bijan Robinson,RB,ATL,17,1.02,11,-3.2%,25%,294,347,346,404.7,95,1,1,24,3,4.2
6,Jaxon Smith-Njigba,WR,SEA,17,1.06,11,-0.1%,39%,286.7,292,315,374.9,85,2,2,24,3,3.4
7,Amon-Ra St. Brown,WR,DET,17,1.08,6,-1%,37%,287.9,283,316,357.5,83,2,2,26,5,3.1
5,Christian McCaffrey,RB,SF,17,1.05,8,0.7%,78%,274.7,315,331,410.5,89,1,1,30,9,-5.0
8,CeeDee Lamb,WR,DAL,17,1.11,14,-0.7%,44%,262.2,259,301,361.6,77,2,2,27,6,2.4
9,Justin Jefferson,WR,MIN,17,1.12,6,4.9%,36%,248,251,292,379.3,75,2,2,27,6,3.1
11,Ashton Jeanty,RB,LVR,17,1.10,13,-3.1%,39%,254.9,265,293,369.1,69,2,2,22,1,3.7
12,James Cook,RB,BUF,17,1.09,7,-4.2%,36%,255.1,265,293,360.7,68,2,2,26,4,3.4
10,Jonathan Taylor,RB,IND,17,1.07,13,1.7%,37%,254,302,299,364.6,70,2,2,27,6,1.3
13,Drake London,WR,ATL,17,2.05,11,0.4%,73%,254.8,262,277,332.4,64,3,3,25,4,0.4
14,A.J. Brown,WR,NE,17,2.07,11,-2.5%,61%,228.5,249,272,345.4,62,3,3,29,7,0.5
15,Nico Collins,WR,HOU,17,2.12,8,4.4%,49%,240.3,234,270,332.1,60,3,3,27,5,2.4
18,Kenneth Walker III,RB,KC,17,2.06,5,0.6%,34%,225.4,250,268,362.3,58,3,3,25,4,3.4
16,Rashee Rice,WR,KC,17,3.01,5,-2.6%,74%,206.5,232,279,334.8,60,3,3,26,3,0.4
20,George Pickens,WR,DAL,17,2.11,14,-0.7%,36%,232.9,240,262,327.2,56,3,3,25,4,3.1
21,Chase Brown,RB,CIN,17,2.02,6,-4%,45%,226.7,257,267,352.1,56,3,3,26,3,2.7
19,De'Von Achane,RB,MIA,17,2.01,6,0.8%,68%,235,281,270,348.5,57,3,3,24,3,0.7
17,Saquon Barkley,RB,PHI,17,2.04,10,4.4%,35%,232.8,255,268,369.3,59,3,2,29,8,-1.7
23,Josh Allen,QB,BUF,17,3.04,7,-3.4%,33%,306.9,363,379,439.5,54,3,1,30,8,3.1
25,Trey McBride,TE,ARI,17,2.10,14,-3.6%,46%,235.7,246,253,304.2,52,3,1,26,4,2.8
22,Brock Bowers,TE,LVR,17,2.08,13,-1%,81%,235.9,234,259,313.7,54,3,1,23,2,-0.1
24,Omarion Hampton,RB,LAC,17,2.03,7,0.6%,73%,221.3,246,254,361.1,53,3,3,23,1,0.9
27,Malik Nabers,WR,NYG,16,3.05,8,3.7%,39%,189.4,196,243,347.2,49,4,4,23,2,3.7
28,Zay Flowers,WR,BAL,17,3.11,13,-0.3%,36%,224.8,218,253,295.6,48,4,4,25,3,3.4
29,Jeremiyah Love,RB,ARI,17,3.02,14,0.1%,34%,216.2,249,243,354.7,47,4,3,21,0,4.0
26,Derrick Henry,RB,BAL,17,2.09,13,-0.1%,33%,223.1,257,262,333.3,51,3,3,32,10,-2.5
33,Garrett Wilson,WR,NYJ,17,4.04,13,-1%,38%,219.2,228,244,299.6,45,4,4,26,4,3.3
31,DeVonta Smith,WR,PHI,17,3.09,10,6.6%,50%,222.7,228,242,305,45,4,4,27,5,2.5
30,Chris Olave,WR,NO,17,3.03,8,0.9%,75%,216.5,236,252,299.6,47,4,4,26,4,0.3
35,Breece Hall,RB,NYJ,17,3.08,13,-2.5%,43%,214.9,233,250,317.4,44,4,4,25,4,2.8
34,Colston Loveland,TE,CHI,17,4.06,10,-3.6%,60%,197.4,223,241,288.9,44,4,2,22,1,1.7
32,Tee Higgins,WR,CIN,17,4.03,6,4%,66%,217,219,244,302.3,45,4,4,27,6,0.3
37,Jaylen Waddle,WR,DEN,17,4.07,10,-2.5%,37%,199.4,201,235,300.3,40,4,4,27,5,3.6
38,Tyler Warren,TE,IND,17,5.07,13,1.5%,36%,190.3,204,229,265.9,39,4,2,24,1,4.1
39,Javonte Williams,RB,DAL,17,3.07,14,2.9%,43%,209.1,225,240,305.3,38,4,4,26,5,3.0
45,Christian Watson,WR,GB,17,6.02,11,1.3%,25%,190.1,185,226,289.7,35,5,5,27,4,4.6
43,Emeka Egbuka,WR,TB,17,3.12,10,2.6%,42%,193.9,200,223,298.6,36,5,5,23,1,3.1
44,Tetairoa McMillan,WR,CAR,17,4.01,5,-1.3%,37%,200.9,218,223,290.2,35,5,5,23,1,4.1
36,Josh Jacobs,RB,GB,17,3.10,11,-2.2%,67%,188.1,241,254,315.1,42,4,4,28,7,-3.4
48,Ladd McConkey,WR,LAC,17,4.09,7,-2.6%,42%,194.3,215,221,295.9,35,5,5,24,2,3.1
42,Kyren Williams,RB,LAR,17,3.06,11,6.4%,52%,209.6,222,233,302.8,36,5,4,25,4,1.8
46,Lamar Jackson,QB,BAL,17,4.11,13,1.1%,42%,298.8,328,340,438.1,35,5,1,29,8,2.7
40,Travis Etienne,RB,NO,17,4.02,8,1.8%,45%,210.5,214,229,315.8,37,4,4,27,5,0.6
47,Luther Burden III,WR,CHI,17,4.08,10,-2.5%,54%,184.7,194,223,300.4,35,5,5,22,1,1.8
52,Drake Maye,QB,NE,17,5.10,11,-2.8%,35%,295.5,315,340,428,32,5,1,23,2,4.4
53,Jayden Daniels,QB,WAS,17,6.04,7,-0.4%,41%,287.4,315,334,434.5,31,5,2,25,2,3.4
49,Terry McLaurin,WR,WAS,17,5.04,7,-2.4%,37%,194.9,215,219,291.2,33,5,5,30,7,1.2
55,Joe Burrow,QB,CIN,17,5.09,6,3.2%,34%,289.9,311,337,421.3,30,5,2,29,6,3.9
56,Jalen Hurts,QB,PHI,17,6.08,10,8.8%,33%,288.1,313,331,430.5,30,5,2,28,6,3.9
69,Caleb Williams,QB,CHI,17,7.02,10,-3.5%,20%,278.6,294,324,421.2,27,6,2,24,2,6.8
50,Cameron Skattebo,RB,NYG,17,4.05,8,2.2%,72%,188.6,216,230,303.5,33,5,5,24,1,0.5
57,Tucker Kraft,TE,GB,17,6.11,11,-3.3%,39%,168,188,200,260,29,5,3,25,3,4.4
59,Rome Odunze,WR,CHI,17,6.01,10,-2.5%,36%,179.4,187,206,296.9,29,5,5,24,2,4.4
41,Davante Adams,WR,LAR,17,5.03,11,-3.1%,49%,188.9,201,230,290.2,36,5,5,33,12,-2.8
72,Parker Washington,WR,JAC,17,7.01,7,4%,0%,175.5,178,211,270.7,26,6,6,24,3,6.8
61,Jameson Williams,WR,DET,17,5.08,6,-1%,36%,184.9,189,210,279.5,28,5,5,25,4,4.3
54,D'Andre Swift,RB,CHI,17,5.06,10,-3.6%,42%,194.5,201,224,292.9,31,5,5,27,6,0.7
60,Bucky Irving,RB,TB,17,5.02,10,-2.2%,63%,180.7,202,210,298.4,29,5,5,23,2,2.3
67,Brock Purdy,QB,SF,17,10.01,8,-4%,36%,278.1,300,327,415.5,27,5,2,26,4,4.3
65,Trevor Lawrence,QB,JAC,17,8.05,7,4.5%,34%,279.9,300,329,414.9,27,5,2,26,5,4.2
66,Justin Herbert,QB,LAC,17,8.01,7,-2.8%,36%,280.7,301,326,417.8,27,5,2,28,6,4.2
68,Quinshon Judkins,RB,CLE,17,4.10,11,0.6%,48%,181.9,202,200,287.8,27,6,6,22,1,4.1
85,Jadarian Price,RB,SEA,17,6.03,11,5.6%,29%,145.2,176,173,300.8,23,7,7,22,0,7.7
76,Jaxson Dart,QB,NYG,17,8.12,8,4.8%,36%,277.1,300,319,417.3,25,6,2,23,1,5.3
70,Kyler Murray,QB,MIN,17,11.08,6,4%,33%,273,281,325,419.3,26,6,2,29,7,4.2
62,Harold Fannin Jr.,TE,CLE,17,6.10,11,3.4%,57%,177.4,192,197,248.3,28,5,3,22,1,2.1
63,Sam LaPorta,TE,DET,17,7.10,6,-2%,60%,176.1,190,196,252.4,28,5,3,25,3,2.1
77,Bhayshul Tuten,RB,JAC,17,5.11,7,0.9%,43%,156.9,180,182,304.6,25,6,6,23,1,4.4
51,Mike Evans,WR,SF,17,5.12,8,-3.2%,65%,182.9,192,218,296.1,32,5,5,32,12,-2.7
80,Carnell Tate,WR,TEN,17,6.05,9,5%,40%,168.5,191,201,280.8,24,6,6,21,0,5.3
81,Bo Nix,QB,DEN,17,10.06,10,-3.7%,28%,280.9,290,312,412,23,6,2,26,2,6.1
71,Dak Prescott,QB,DAL,17,7.12,14,0.5%,34%,282.7,301,325,412.7,26,6,2,33,10,3.0
84,Jonathon Brooks,RB,CAR,17,9.02,5,-6%,35%,140.5,112,176,302,23,7,7,23,2,5.7
73,TreVeyon Henderson,RB,NE,17,4.12,11,-1.9%,64%,161.9,186,190,304.7,26,6,6,23,1,2.6
79,D.K. Metcalf,WR,PIT,17,7.03,9,-2.6%,36%,174.2,188,207,263.4,24,6,6,28,7,4.5
82,Patrick Mahomes,QB,KC,17,9.09,5,-3.2%,37%,277.7,292,309,416.6,23,6,2,30,9,4.5
64,D.J. Moore,WR,BUF,17,5.05,7,0.7%,54%,175.9,178,209,282.7,27,5,5,29,8,0.4
103,Tyler Shough,QB,NO,17,12.04,8,0.5%,17%,270.7,269,297,407.5,19,8,3,26,1,8.2
112,Kyle Monangai,RB,CHI,17,8.07,10,-3.6%,0%,137.4,150,151,264.2,17,8,8,24,1,9.5
89,Jordyn Tyson,WR,NO,17,7.07,8,0.9%,45%,159.1,177,194,281.3,22,7,6,22,0,4.2
99,Jordan Addison,WR,MIN,17,9.10,6,4.9%,37%,164.4,165,196,266.2,20,7,6,24,3,6.2
95,Jayden Reed,WR,GB,17,10.03,11,1.3%,36%,166.3,166,198,265.3,21,7,6,26,3,5.0
96,Brian Thomas Jr.,WR,JAC,17,6.06,7,4%,35%,164.5,171,189,281.7,20,7,6,23,2,5.7
97,Jared Goff,QB,DET,17,10.08,6,-0.9%,23%,278.4,281,303,402.5,20,7,3,31,10,5.0
114,Jacory Croskey-Merritt,RB,WAS,17,10.04,7,4.2%,30%,122.9,119,156,261.3,17,8,8,25,1,8.0
102,RJ Harvey,RB,DEN,17,6.12,10,0.1%,36%,136.7,150,165,271.8,19,8,8,25,1,5.9
86,Marvin Harrison Jr.,WR,ARI,17,6.09,14,-0.8%,55%,172.6,182,196,276.6,22,7,6,24,2,2.3
88,Kyle Pitts,TE,ATL,17,7.06,11,4.8%,53%,170.8,178,186,241.3,22,7,3,25,5,2.1
75,Jaylen Warren,RB,PIT,17,6.07,9,-2.1%,66%,163.7,183,202,274.9,26,6,6,27,4,-2.2
129,Malik Willis,QB,MIA,17,13.05,6,-2%,15%,265.2,265,273,407.3,14,9,3,27,4,9.2
58,David Montgomery,RB,HOU,17,5.01,8,2%,85%,182.5,193,212,301.3,29,5,5,29,7,-6.0
83,Rico Dowdle,RB,PIT,17,7.11,9,-2.1%,27%,156.4,170,182,278.3,23,7,7,28,6,0.0
74,Rhamondre Stevenson,RB,NE,17,7.08,11,-1.9%,64%,167.2,177,199,282.6,26,6,6,28,5,-3.1
121,Blake Corum,RB,LAR,17,9.01,11,6.4%,33%,129.7,133,141,272,16,9,9,25,2,6.8
91,Michael Pittman Jr.,WR,PIT,17,8.08,9,-2.6%,60%,173.4,185,202,258.1,21,7,6,28,6,1.7
104,Jakobi Meyers,WR,JAC,17,9.07,7,4%,37%,166.7,170,194,261.6,19,8,6,29,7,3.7
137,Woody Marks,RB,HOU,17,11.12,8,2%,0%,114.1,104,127,243.5,12,10,10,25,1,10.5
118,Tyjae Spears,RB,TEN,17,12.12,9,2.9%,37%,129.7,129,154,251.6,16,8,8,25,3,6.3
98,J.K. Dobbins,RB,DEN,17,8.06,10,0.1%,39%,144.9,161,171,269.4,20,7,7,27,6,2.1
124,Xavier Worthy,WR,KC,17,11.04,5,-2.6%,35%,149.9,155,183,268.7,15,9,7,23,2,7.1
100,Josh Downs,WR,IND,17,9.08,13,-0.8%,61%,166.3,166,193,266.9,20,7,6,25,3,2.0
108,Baker Mayfield,QB,TB,17,11.07,10,-0.8%,37%,276.6,274,291,404.8,18,8,3,31,8,3.7
136,C.J. Stroud,QB,HOU,17,14.12,8,4.4%,29%,267.5,261,276,386,12,9,3,24,3,9.6
87,George Kittle,TE,SF,16,9.05,8,-3.6%,44%,132.7,179,187,265.4,22,7,3,32,9,-0.7
93,Courtland Sutton,WR,DEN,17,7.04,10,-2.5%,43%,171.1,180,199,264.5,21,7,6,30,8,0.3
106,Chuba Hubbard,RB,CAR,17,7.09,5,-6%,36%,136.8,162,152,288.8,19,8,8,27,5,2.1
107,Jordan Mason,RB,MIN,17,9.12,6,-0.1%,39%,131.6,135,162,268,19,8,8,27,4,2.1
131,Zach Charbonnet,RB,SEA,10,11.10,11,5.6%,37%,99.9,115,133,272.9,14,9,9,25,3,6.8
109,Quentin Johnston,WR,LAC,17,8.11,7,-2.6%,56%,156.5,154,189,271.5,18,8,7,24,3,2.6
135,Makai Lemon,WR,PHI,17,8.09,10,6.6%,33%,145.3,169,169,280.5,13,9,7,22,0,7.6
138,Jayden Higgins,WR,HOU,17,11.06,8,4.4%,23%,144.9,154,173,265.7,11,10,7,23,1,9.6
143,KC Concepcion,WR,CLE,17,11.02,11,4.3%,29%,142.3,146,176,254.8,11,10,7,21,0,9.6
130,Romeo Doubs,WR,NE,17,10.11,11,-2.5%,37%,150.8,163,180,263.9,14,9,7,26,4,6.2
132,Daniel Jones,QB,IND,17,15.08,13,1.6%,36%,258,256,277,402.3,14,9,3,29,7,5.9
110,Chris Godwin,WR,TB,17,8.04,10,2.6%,40%,151.1,174,186,276,18,8,7,30,9,1.7
116,Kenneth Gainwell,RB,TB,17,9.06,10,-2.2%,31%,134.4,153,151,261.2,17,8,8,27,5,2.3
142,Dylan Sampson,RB,CLE,17,14.08,11,0.6%,34%,110.6,91,127,228.9,11,10,10,21,1,8.2
90,Tony Pollard,RB,TEN,17,7.05,9,2.9%,35%,155,175,178,270.8,22,7,7,29,7,-2.9
150,Chris Rodriguez,RB,JAC,17,12.05,7,0.9%,27%,98.4,107,107,254.5,9,10,10,26,3,9.8
141,Matthew Golden,WR,GB,17,10.12,11,1.3%,37%,146.1,152,164,275.9,11,10,7,23,1,7.6
122,Rachaad White,RB,WAS,17,9.03,7,4.2%,39%,120.8,146,149,259.4,16,9,9,27,4,2.4
200,Jonah Coleman,RB,DEN,17,13.12,10,0.1%,0%,70.4,50,78,242.4,3,12,12,22,0,14.9
134,Michael Wilson,WR,ARI,17,8.02,14,-0.8%,42%,149.2,171,178,261.1,13,9,7,26,3,4.7
151,Sam Darnold,QB,SEA,17,18.06,11,0.4%,29%,258.1,252,261,391.1,9,10,4,29,8,8.6
179,Jaydon Blue,RB,DAL,17,17.11,14,2.9%,22%,75,37,88,244.4,5,12,12,22,1,12.4
105,Jordan Love,QB,GB,17,12.02,11,-0.3%,82%,278.4,275,296,402.8,19,8,3,27,6,-1.8
145,Wan'Dale Robinson,WR,TEN,17,8.10,9,5%,36%,153.3,159,172,253.1,10,10,8,25,4,7.0
204,De'Zhaun Stribling,WR,SF,17,14.04,8,-3.2%,0%,129.8,60,143,278.1,3,12,9,23,0,13.9
205,Jalen Coker,WR,CAR,17,12.01,5,-1.3%,18%,136.1,144,150,258.8,3,12,9,24,2,13.9
154,Tyrone Tracy Jr.,RB,NYG,17,11.09,8,2.2%,34%,97.8,92,107,252.5,9,11,11,26,2,7.7
101,Matthew Stafford,QB,LAR,17,9.04,11,-0%,39%,277.8,285,299,403.3,19,7,3,38,17,-2.6
174,Tyler Allgeier,RB,ARI,17,12.03,14,0.1%,23%,87.4,84,104,212.2,6,12,12,26,4,10.4
144,Cameron Ward,QB,TEN,17,15.12,9,6.3%,39%,256,239,264,401.1,10,10,4,,,6.2
193,Fernando Mendoza,QB,LVR,13,19.02,13,-6.2%,23%,235.7,244,240,396.8,4,12,4,22,0,12.2
157,Keaton Mitchell,RB,LAC,17,13.08,7,0.6%,33%,92.1,75,107,246.3,8,11,11,24,3,8.1
155,Khalil Shakir,WR,BUF,17,11.11,7,0.7%,35%,152.4,154,173,239.1,9,11,8,26,4,7.0
217,Emmett Johnson,RB,KC,17,16.06,5,0.6%,18%,62.1,34,78,214.9,1,13,13,22,0,14.9
123,Alec Pierce,WR,IND,16,8.03,13,-0.8%,67%,146.6,186,188,263.1,16,9,7,26,4,-0.4
212,George Holani,RB,SEA,17,36.11,11,5.6%,0%,70.7,37,85,208.8,2,13,13,26,2,13.3
227,Nicholas Singleton,RB,TEN,17,18.07,9,2.9%,19%,56.5,34,65,228.6,0,14,14,22,0,14.9
119,Stefon Diggs,WR,WAS,17,11.03,7,-2.4%,31%,150.8,177,182,276.2,16,8,7,32,11,-1.2
215,Mike Washington Jr.,RB,LVR,17,17.07,13,-3.1%,21%,63,58,75,221.2,1,13,13,23,0,13.1
175,Bryce Young,QB,CAR,17,16.07,5,-0.8%,32%,244.1,238,247,394.6,5,12,4,25,3,9.0
194,Jalen McMillan,WR,TB,17,14.10,10,2.6%,39%,130.2,117,153,260.4,4,12,8,24,2,9.5
166,Mark Andrews,TE,BAL,17,11.05,13,3.6%,36%,143.7,150,162,213.2,7,11,5,30,8,6.3
181,Rashid Shaheed,WR,SEA,17,12.07,11,-0.1%,38%,136.7,135,159,252.7,5,12,8,27,4,8.2
117,Travis Kelce,TE,KC,17,9.11,5,1.9%,42%,157.8,173,183,220.1,17,8,4,36,13,-4.7
245,Sean Tucker,RB,TB,17,19.04,10,-2.2%,20%,63,57,69,195.3,-1,14,14,24,3,13.3
236,Adonai Mitchell,WR,NYJ,17,17.03,13,-1%,28%,123.6,111,140,264.1,0,14,9,23,2,12.2
246,Kaytron Allen,RB,WAS,17,19.03,7,4.2%,24%,55.6,38,65,206.2,-1,14,14,23,0,13.1
198,Jacoby Brissett,QB,ARI,13,18.12,14,-1.2%,10%,234.5,256,247,382.6,3,12,4,33,10,9.0
241,Tre Tucker,WR,LVR,17,15.01,13,-5%,0%,126.7,121,149,240,-1,14,9,25,3,13.0
153,Isiah Pacheco,RB,DET,17,13.06,6,0.9%,36%,93.9,97,116,237.7,9,11,11,27,4,2.7
133,Deebo Samuel,WR,SF,17,12.06,8,-3.2%,51%,144.8,142,174,273.8,13,9,7,30,7,-1.6
244,Kenyon Sadiq,TE,NYJ,17,14.03,13,-1.5%,24%,129.5,144,146,205.2,-1,14,6,21,0,12.2
192,Brenton Strange,TE,JAC,17,13.07,7,2.5%,48%,138.6,149,159,203.9,4,12,5,25,3,6.9
218,Omar Cooper Jr.,WR,NYJ,17,14.11,13,-1%,38%,121.1,122,144,266.6,1,13,9,22,0,9.5
162,Dalton Kincaid,TE,BUF,17,10.10,7,-1.4%,62%,141.9,158,159,220.1,7,11,5,26,3,3.1
210,Denzel Boston,WR,CLE,17,14.01,11,4.3%,42%,130,126,148,262.9,2,13,9,22,0,6.9
168,Jake Ferguson,TE,DAL,17,10.02,14,-2.5%,55%,149.9,164,165,199.3,6,11,5,27,4,2.8
182,Brian Robinson Jr.,RB,ATL,17,13.11,11,-3.2%,36%,85.3,90,100,212.7,5,12,12,27,4,3.1
226,Braelon Allen,RB,NYJ,17,16.04,13,-2.5%,42%,67.5,74,71,209.6,0,14,14,22,2,7.6
127,Aaron Jones,RB,MIN,17,10.07,6,-0.1%,65%,117,153,143,246.9,14,9,9,31,9,-6.7
164,MarShawn Lloyd,RB,GB,17,18.01,11,-2.2%,72%,76.3,46,95,257.4,7,11,11,25,2,-0.2
235,Juwan Johnson,TE,NO,17,13.01,8,-0.1%,45%,136.8,145,152,194.5,0,14,5,29,6,4.6
207,Geno Smith,QB,NYJ,16,38.02,13,-4.4%,36%,231.6,238,241,390.8,3,13,4,35,13,0.0
156,Alvin Kamara,RB,NO,17,12.11,8,1.8%,39%,90.1,86,111,239,8,11,11,31,9,-5.3
211,Isaiah Likely,TE,NYG,17,10.05,8,3.2%,73%,141.1,151,153,204,2,13,5,26,4,-0.3
206,Justice Hill,RB,BAL,17,27.03,13,-0.1%,32%,86.1,88,96,191.4,3,13,13,28,7,-1.9
165,Dallas Goedert,TE,PHI,17,11.01,10,7.1%,83%,144.2,159,164,208.2,7,11,5,31,8,-6.4
160,Aaron Rodgers,QB,PIT,17,19.11,9,-2.1%,53%,252.9,223,258,384.5,7,11,4,42,21,-7.8
240,Hunter Henry,TE,NE,17,14.02,11,-3.5%,47%,133.3,146,150,197.7,-1,14,6,31,10,-0.9
234,James Conner,RB,ARI,17,17.01,14,0.1%,34%,71.8,51,87,173.1,0,14,14,31,9,-6.2
247,Keenan Allen,WR,UNS,17,22.06,18,-,49%,114.5,95,153,236.6,-1,14,9,33,13,-5.9
