rank,name,position,team,games,adp,bye,sos,injury_risk,floor_proj,consensus_proj,ds_proj,ceiling_proj,three_d_value,tier_overall,tier_positional,age,years_in_nfl,nfl_draft_round
1,Jahmyr Gibbs,RB,DET,17,1.01,6,0.9%,54%,290.4,341,359,412.3,100,1,1,24,3,1
2,Puka Nacua,WR,LAR,17,1.04,11,-3.1%,51%,268,326,357,396.7,99,1,1,25,3,5
3,Ja'Marr Chase,WR,CIN,17,1.03,6,4%,37%,298.2,302,339,399.8,97,1,1,26,5,1
4,Bijan Robinson,RB,ATL,17,1.02,11,-3.2%,25%,294,347,346,404.7,95,1,1,24,3,1
5,Christian McCaffrey,RB,SF,17,1.05,8,0.7%,78%,274.7,315,331,410.5,90,1,1,30,9,1
6,Jaxon Smith-Njigba,WR,SEA,17,1.06,11,-0.1%,39%,286.7,292,315,374.9,84,2,2,24,3,1
7,Amon-Ra St. Brown,WR,DET,17,1.08,6,-1%,37%,287.9,283,316,357.5,82,2,2,26,5,4
8,CeeDee Lamb,WR,DAL,17,1.11,14,-0.7%,44%,262.2,259,301,361.6,75,2,2,27,6,1
9,Justin Jefferson,WR,MIN,17,1.12,6,4.9%,36%,248,251,292,379.3,74,2,2,27,6,5
10,Jonathan Taylor,RB,IND,17,1.07,13,1.7%,37%,254,302,299,364.6,71,2,2,27,6,2
11,James Cook,RB,BUF,17,1.09,7,-4.2%,36%,255.1,265,293,363.6,69,2,2,26,4,2
12,Drake London,WR,ATL,17,2.06,11,0.4%,73%,254.8,262,277,332.4,63,3,3,25,4,1
13,Kenneth Walker III,RB,KC,17,2.05,5,0.6%,34%,231.5,250,279,362.6,62,3,2,25,4,2
14,A.J. Brown,WR,NE,17,2.07,11,-2.5%,61%,228.5,249,272,345.4,61,3,3,29,7,2
15,Saquon Barkley,RB,PHI,17,2.03,10,4.4%,35%,232.8,255,268,366.6,59,3,2,29,8,1
16,Nico Collins,WR,HOU,17,2.11,8,4.4%,49%,235.9,234,271,330.8,59,3,3,27,5,3
17,De'Von Achane,RB,MIA,17,2.01,6,0.8%,68%,235,281,270,348.5,57,3,3,24,3,3
18,Chase Brown,RB,CIN,17,2.02,6,-4%,45%,226.7,257,267,354.8,57,3,3,26,3,5
19,Rashee Rice,WR,KC,17,3.04,5,-2.6%,74%,209.4,232,269,332.9,56,3,3,26,3,2
20,George Pickens,WR,DAL,17,2.12,14,-0.7%,36%,232.9,240,262,329.8,55,3,3,25,4,2
21,Omarion Hampton,RB,LAC,17,2.04,7,0.6%,73%,221.3,246,254,361.1,53,3,3,23,1,1
22,Brock Bowers,TE,LVR,17,2.09,13,-1%,81%,236.5,234,260,311.9,53,3,1,23,2,1
23,Josh Allen,QB,BUF,17,3.02,7,-3.4%,33%,306.9,363,379,439.5,52,3,1,30,8,1
24,Derrick Henry,RB,BAL,17,2.08,13,-0.1%,33%,223.1,257,262,333.3,52,3,3,32,10,2
25,Trey McBride,TE,ARI,17,2.10,14,-3.6%,46%,235.7,246,253,304.2,50,3,1,26,4,2
26,Chris Olave,WR,NO,17,3.01,8,0.9%,75%,215.4,236,256,307.7,49,4,4,26,4,1
27,Malik Nabers,WR,NYG,16,3.03,8,3.7%,39%,189.4,196,243,347.2,48,4,4,23,2,1
28,Zay Flowers,WR,BAL,17,3.10,13,-0.3%,36%,224.8,218,253,295.6,47,4,4,25,3,1
29,Jeremiyah Love,RB,ARI,17,3.05,14,0.1%,34%,210.9,249,240,347.6,46,4,4,21,0,1
30,DeVonta Smith,WR,PHI,17,3.09,10,6.6%,50%,222.7,228,242,305,45,4,4,27,5,1
31,Breece Hall,RB,NYJ,17,3.08,13,-2.5%,43%,212.4,233,250,317.4,44,4,4,25,4,2
32,Tee Higgins,WR,CIN,17,4.02,6,4%,66%,217,219,244,302.3,44,4,4,27,6,2
33,Garrett Wilson,WR,NYJ,17,4.04,13,-1%,38%,219.2,228,244,299.6,44,4,4,26,4,1
34,Colston Loveland,TE,CHI,17,4.06,10,-3.6%,60%,197.4,223,241,288.9,43,4,2,22,1,1
35,Josh Jacobs,RB,GB,17,3.11,11,-2.2%,67%,188.1,241,254,315.1,43,4,4,28,7,1
36,Jaylen Waddle,WR,DEN,17,4.08,10,-2.5%,37%,199.4,201,235,300.3,39,4,4,27,5,1
37,Javonte Williams,RB,DAL,17,3.07,14,2.9%,43%,209.1,225,240,305.3,39,4,4,26,5,2
38,Travis Etienne,RB,NO,17,4.03,8,1.8%,45%,207.1,214,228,316.4,37,4,4,27,5,1
39,Tyler Warren,TE,IND,17,5.07,13,1.5%,36%,184.1,204,224,267.1,36,4,2,24,1,1
40,Kyren Williams,RB,LAR,17,3.06,11,6.4%,52%,207.3,222,233,302.8,36,4,4,25,4,5
41,Davante Adams,WR,LAR,17,5.01,11,-3.1%,49%,188.9,201,230,290.2,35,5,5,33,12,2
42,Emeka Egbuka,WR,TB,17,4.01,10,2.6%,42%,189.4,200,223,298.6,34,5,5,23,1,1
43,Tetairoa McMillan,WR,CAR,17,3.12,5,-1.3%,37%,198.7,218,223,290.2,34,5,5,23,1,1
44,Luther Burden III,WR,CHI,17,4.11,10,-2.5%,54%,184.7,194,223,300.4,34,5,5,22,1,2
45,Christian Watson,WR,GB,17,6.01,11,1.3%,25%,187.9,185,226,289.7,34,5,5,27,4,2
46,Ladd McConkey,WR,LAC,17,4.07,7,-2.6%,42%,194.3,215,221,295.9,34,5,5,24,2,2
47,Lamar Jackson,QB,BAL,17,4.12,13,1.1%,42%,298.8,328,340,438.1,34,5,1,29,8,1
48,Terry McLaurin,WR,WAS,17,5.06,7,-2.4%,37%,192.7,215,219,291.2,32,5,5,30,7,3
49,Mike Evans,WR,SF,17,5.12,8,-3.2%,65%,182.9,192,218,296.1,32,5,5,33,12,1
50,Drake Maye,QB,NE,17,5.10,11,-2.8%,35%,295.5,315,340,428,31,5,1,23,2,1
51,D'Andre Swift,RB,CHI,17,5.02,10,-3.6%,42%,190.6,201,224,296,31,5,5,27,6,2
52,Jayden Daniels,QB,WAS,17,6.05,7,-0.4%,41%,287.4,315,334,434.5,30,5,2,25,2,1
53,Joe Burrow,QB,CIN,17,5.09,6,3.2%,34%,289.9,311,337,421.3,29,5,2,29,6,1
54,Cameron Skattebo,RB,NYG,17,4.05,8,2.2%,72%,175.5,216,214,301.8,29,5,5,24,1,4
55,Jalen Hurts,QB,PHI,17,6.09,10,8.8%,33%,288.1,313,331,430.5,29,5,2,28,6,2
56,Bucky Irving,RB,TB,17,5.03,10,-2.2%,63%,182.8,202,210,298.4,28,5,5,24,2,4
57,Rome Odunze,WR,CHI,17,6.02,10,-2.5%,36%,179.4,187,206,296.9,28,5,5,24,2,1
58,David Montgomery,RB,HOU,17,4.09,8,2%,85%,177.6,193,207,295.4,28,5,5,29,7,3
59,Jameson Williams,WR,DET,17,5.08,6,-1%,36%,184.9,189,210,279.5,27,5,5,25,4,1
60,Quinshon Judkins,RB,CLE,17,4.10,11,0.6%,48%,181.8,202,202,292.9,27,5,5,22,1,2
61,Tucker Kraft,TE,GB,17,6.10,11,-3.3%,39%,169.5,188,195,259.2,27,5,3,25,3,3
62,D.J. Moore,WR,BUF,17,5.04,7,0.7%,54%,175.9,178,209,282.7,27,5,5,29,8,1
63,Harold Fannin Jr.,TE,CLE,17,6.12,11,3.4%,57%,173.6,192,197,250.5,27,5,3,22,1,3
64,Sam LaPorta,TE,DET,17,7.08,6,-2%,60%,172.2,190,196,254.4,27,5,3,25,3,2
65,Parker Washington,WR,JAC,17,6.04,7,4%,0%,175.5,178,211,274.9,26,6,6,24,3,6
66,Trevor Lawrence,QB,JAC,17,8.04,7,4.5%,34%,279.9,300,329,414.9,26,6,2,26,5,1
67,Justin Herbert,QB,LAC,17,8.02,7,-2.8%,36%,280.7,301,326,417.8,26,6,2,28,6,1
68,Brock Purdy,QB,SF,17,10.06,8,-4%,36%,278.1,300,327,415.5,26,6,2,26,4,7
69,Caleb Williams,QB,CHI,17,7.01,10,-3.5%,20%,278.6,294,324,421.2,26,6,2,24,2,1
70,TreVeyon Henderson,RB,NE,17,5.05,11,-1.9%,64%,161.9,186,190,304.7,25,6,6,23,1,2
71,Rhamondre Stevenson,RB,NE,17,7.07,11,-1.9%,64%,167.2,177,199,282.6,25,6,6,28,5,4
72,Kyler Murray,QB,MIN,17,11.09,6,4%,33%,273,281,325,419.3,25,6,2,29,7,1
73,Dak Prescott,QB,DAL,17,7.12,14,0.5%,34%,282.7,301,325,412.7,25,6,2,33,10,4
74,Jaylen Warren,RB,PIT,17,6.07,9,-2.1%,66%,163.7,183,202,274.9,25,6,6,27,4,
75,Bhayshul Tuten,RB,JAC,17,5.11,7,0.9%,43%,156.9,180,182,304.6,24,6,6,23,1,4
76,Jaxson Dart,QB,NYG,17,9.01,8,4.8%,36%,277.1,300,319,417.3,24,6,2,23,1,1
77,D.K. Metcalf,WR,PIT,17,7.04,9,-2.6%,36%,174.2,188,207,263.4,23,6,6,28,7,2
78,Carnell Tate,WR,TEN,17,6.06,9,5%,40%,168.5,191,201,280.8,23,6,6,21,0,1
79,Jonathon Brooks,RB,CAR,17,7.09,5,-6%,35%,140.5,112,176,302,23,6,6,23,2,2
80,Rico Dowdle,RB,PIT,17,7.10,9,-2.1%,27%,156.4,170,182,278.3,22,6,6,28,6,
81,Jadarian Price,RB,SEA,17,6.03,11,5.6%,29%,145.2,176,173,300.8,22,6,6,22,0,1
82,Bo Nix,QB,DEN,17,10.08,10,-3.7%,28%,280.9,290,312,412,22,6,2,26,2,1
83,Patrick Mahomes,QB,KC,17,10.02,5,-3.2%,37%,277.7,292,309,416.6,22,6,2,30,9,1
84,Marvin Harrison Jr.,WR,ARI,17,6.11,14,-0.8%,55%,172.6,182,196,276.6,22,6,6,24,2,1
85,Tony Pollard,RB,TEN,17,7.05,9,2.9%,35%,155,175,178,270.8,21,7,7,29,7,4
86,George Kittle,TE,SF,16,9.03,8,-3.6%,44%,132.7,179,187,265.4,21,7,3,32,9,5
87,Kyle Pitts,TE,ATL,17,7.06,11,4.8%,53%,170.8,178,186,243.2,21,7,3,25,5,1
88,Michael Pittman Jr.,WR,PIT,17,8.07,9,-2.6%,60%,173.4,185,202,258.1,21,7,6,28,6,2
89,Courtland Sutton,WR,DEN,17,7.02,10,-2.5%,43%,171.1,180,199,264.5,21,7,6,30,8,2
90,Jayden Reed,WR,GB,17,10.04,11,1.3%,36%,166.3,166,198,265.3,20,7,6,26,3,2
91,J.K. Dobbins,RB,DEN,17,8.05,10,0.1%,39%,144.9,161,171,269.4,20,7,7,27,6,2
92,Brian Thomas Jr.,WR,JAC,17,6.08,7,4%,35%,164.5,171,189,281.7,20,7,6,23,2,1
93,Jordan Addison,WR,MIN,17,9.09,6,4.9%,37%,164.4,165,196,266.2,19,7,6,24,3,1
94,Jared Goff,QB,DET,17,10.09,6,-0.9%,23%,278.4,281,303,402.5,19,7,3,31,10,1
95,RJ Harvey,RB,DEN,17,7.03,10,0.1%,36%,136.7,150,165,271.8,19,7,7,25,1,2
96,Matthew Stafford,QB,LAR,17,9.06,11,-0%,39%,277.8,285,299,403.3,18,7,3,38,17,1
97,Jordan Mason,RB,MIN,17,9.08,6,-0.1%,39%,131.6,135,162,268,18,7,7,27,4,
98,Tyler Shough,QB,NO,17,12.09,8,0.5%,17%,272.6,269,296,408.9,18,7,3,26,1,2
99,Chris Godwin,WR,TB,17,8.03,10,2.6%,40%,151.5,174,189,278.4,18,7,6,30,9,3
100,Jordan Love,QB,GB,17,12.05,11,-0.3%,82%,278.4,275,296,402.8,18,7,3,27,6,1
101,Chuba Hubbard,RB,CAR,17,8.01,5,-6%,36%,130.7,162,152,281.2,18,8,8,27,5,4
102,Jakobi Meyers,WR,JAC,17,9.12,7,4%,37%,158.9,170,194,261.6,18,8,7,29,7,
103,Quentin Johnston,WR,LAC,17,8.06,7,-2.6%,56%,156.5,154,189,271.5,17,8,7,24,3,1
104,Stefon Diggs,WR,WAS,17,9.04,7,-2.4%,31%,154.8,177,186,276,17,8,7,32,11,5
105,Josh Downs,WR,IND,17,9.02,13,-0.8%,61%,155.3,166,189,269,17,8,7,25,3,3
106,Baker Mayfield,QB,TB,17,11.07,10,-0.8%,37%,276.6,274,291,404.8,17,8,3,31,8,1
107,Ashton Jeanty,RB,LVR,7,1.10,13,-3.1%,39%,1.8,265,177,300.2,17,8,8,22,1,1
108,Jacory Croskey-Merritt,RB,WAS,17,10.03,7,4.2%,30%,122.9,119,156,261.3,17,8,8,25,1,7
109,Tyjae Spears,RB,TEN,17,12.10,9,2.9%,37%,129.7,129,154,256.2,16,8,8,25,3,3
110,Kenneth Gainwell,RB,TB,17,9.05,10,-2.2%,31%,134.4,153,151,261.2,16,8,8,27,5,5
111,Kyle Monangai,RB,CHI,17,8.08,10,-3.6%,0%,132.9,150,149,264.3,16,8,8,24,1,7
112,Travis Kelce,TE,KC,17,9.11,5,1.9%,42%,157.8,173,183,220.1,16,8,4,36,13,3
113,Blake Corum,RB,LAR,17,8.11,11,6.4%,33%,129.7,133,141,272,16,8,8,25,2,3
114,Mike Washington Jr.,RB,LVR,17,14.11,13,-3.1%,21%,116.2,58,138,285,16,8,8,23,0,4
115,Rachaad White,RB,WAS,17,9.07,7,4.2%,39%,120.8,146,149,259.4,16,8,8,27,4,3
116,Woody Marks,RB,HOU,17,12.04,8,2%,0%,124.1,104,138,267.5,15,8,8,25,1,4
117,Xavier Worthy,WR,KC,17,11.05,5,-2.6%,35%,149.9,155,183,266.9,14,8,7,23,2,1
118,Brandon Aubrey,K,DAL,17,10.01,14,-3.5%,8%,157.4,175,177,191.1,14,8,1,31,3,
119,Aaron Jones,RB,MIN,17,10.10,6,-0.1%,65%,114.2,153,143,246.9,14,9,9,31,9,5
120,Zach Charbonnet,RB,SEA,10,11.12,11,5.6%,37%,99.9,115,133,272.9,14,9,9,25,3,2
121,Romeo Doubs,WR,NE,17,11.02,11,-2.5%,37%,154.4,163,180,263.9,13,9,7,26,4,4
122,KC Concepcion,WR,CLE,17,10.12,11,4.3%,29%,148,146,181,265.4,13,9,7,21,0,1
123,Malik Willis,QB,MIA,17,13.11,6,-2%,15%,264.1,265,275,409.9,13,9,3,27,4,3
124,Daniel Jones,QB,IND,17,16.05,13,1.6%,36%,260.7,256,277,404.9,13,9,3,29,7,1
125,Michael Wilson,WR,ARI,17,7.11,14,-0.8%,42%,149.2,171,178,264.7,13,9,7,26,3,3
126,Wan'Dale Robinson,WR,TEN,17,8.09,9,5%,36%,154,159,177,258.4,12,9,7,25,4,2
127,Makai Lemon,WR,PHI,17,8.12,10,6.6%,33%,145.3,169,169,280.5,12,9,7,22,0,1
128,Dylan Sampson,RB,CLE,17,14.05,11,0.6%,34%,109.8,91,126,233.5,11,10,10,21,1,4
129,Keaton Mitchell,RB,LAC,17,13.01,7,0.6%,33%,99.7,75,116,255.1,10,10,10,24,3,
130,Matthew Golden,WR,GB,17,11.01,11,1.3%,37%,146.1,152,164,275.9,10,10,8,23,1,1
131,Cameron Dicker,K,LAC,17,12.12,7,-3.1%,9%,151.3,170,170,181.9,10,10,1,26,4,
132,Cameron Ward,QB,TEN,17,16.08,9,6.3%,39%,253.3,239,264,403.7,10,10,4,,,
133,Alec Pierce,WR,IND,16,8.10,13,-0.8%,67%,137,186,171,263.6,9,10,8,26,4,2
134,Houston Texans,DEF,HOU,17,16.01,8,-4%,0%,112.3,108,125,139.8,9,10,1,,,
135,Chris Rodriguez,RB,JAC,17,11.08,7,0.9%,27%,98.4,107,107,252.4,9,10,10,26,3,6
136,Isiah Pacheco,RB,DET,17,13.05,6,0.9%,36%,90.4,97,116,237.7,9,10,10,27,4,7
137,Jordyn Tyson,WR,NO,13,9.10,8,0.9%,45%,127.9,202,171,264.4,8,10,8,22,0,1
138,Khalil Shakir,WR,BUF,17,12.01,7,0.7%,35%,152.4,154,173,239.1,8,10,8,26,4,5
139,Dalton Kincaid,TE,BUF,17,10.11,7,-1.4%,62%,142.3,158,162,223.1,7,10,5,26,3,1
140,Deebo Samuel,WR,SF,17,12.03,8,-3.2%,51%,134.6,142,164,264.3,7,10,8,30,7,2
141,C.J. Stroud,QB,HOU,17,15.07,8,4.4%,29%,264.9,261,270,389.3,7,10,4,24,3,1
142,MarShawn Lloyd,RB,GB,17,13.10,11,-2.2%,72%,76.3,46,95,257.4,7,11,11,25,2,3
143,Denver Broncos,DEF,DEN,17,26.09,10,6.2%,0%,104.7,106,122,133.9,7,11,1,,,
144,Tyrone Tracy Jr.,RB,NYG,17,11.10,8,2.2%,34%,85.7,92,101,234.9,6,11,11,26,2,5
145,Dallas Goedert,TE,PHI,17,11.03,10,7.1%,83%,144.2,159,164,208.2,6,11,5,31,8,2
146,De'Zhaun Stribling,WR,SF,17,11.04,8,-3.2%,0%,136,60,153,276.6,6,11,8,23,0,2
147,Seattle Seahawks,DEF,SEA,17,12.11,11,-4.2%,0%,102.2,101,120,132.2,6,11,1,,,
148,Tyler Allgeier,RB,ARI,17,12.02,14,0.1%,23%,90.7,84,104,212.7,6,11,11,26,4,5
149,Jake Ferguson,TE,DAL,17,10.05,14,-2.5%,55%,149.9,164,165,199.3,5,11,5,27,4,4
150,Alvin Kamara,RB,NO,16,13.02,8,1.8%,39%,85.1,91,109,242.3,5,11,11,31,9,3
151,Ka'imi Fairbairn,K,HOU,17,12.07,8,0.6%,0%,147,165,158,175.5,5,11,2,32,10,
152,Brian Robinson Jr.,RB,ATL,17,14.01,11,-3.2%,36%,85.3,90,100,212.7,5,11,11,27,4,3
153,Jaydon Blue,RB,DAL,17,17.04,14,2.9%,22%,75,37,88,244.4,5,11,11,22,1,5
154,Mark Andrews,TE,BAL,17,11.06,13,3.6%,36%,141.6,150,159,211.6,5,11,5,30,8,3
155,Green Bay Packers,DEF,GB,17,21.07,11,-2.2%,0%,104.5,79,114,136.3,5,11,1,,,
156,Baltimore Ravens,DEF,BAL,17,18.03,13,13.1%,0%,105.7,92,114,134.2,4,11,1,,,
157,Sam Darnold,QB,SEA,17,18.04,11,0.4%,29%,258.1,252,261,391.1,4,11,4,29,8,1
158,Bryce Young,QB,CAR,17,18.01,5,-0.8%,32%,244.1,238,247,394.6,4,11,4,25,3,1
159,Rashid Shaheed,WR,SEA,17,12.06,11,-0.1%,38%,136.7,135,159,252.7,4,11,8,27,4,
160,Pittsburgh Steelers,DEF,PIT,17,17.08,9,12.2%,0%,104.4,101,112,132.5,4,11,2,,,
161,Tyler Loop,K,BAL,17,15.06,13,-1.6%,0%,140.8,150,153,179,4,11,2,25,1,6
162,Cam Little,K,JAC,17,13.04,7,-0.7%,0%,145.2,146,151,180,4,11,2,23,2,6
163,Isaiah Likely,TE,NYG,17,10.07,8,3.2%,73%,144,151,156,208.1,4,11,5,26,4,4
164,Minnesota Vikings,DEF,MIN,17,15.03,6,-12.4%,0%,103.6,95,111,133.7,4,11,2,,,
165,Eddy Pineiro,K,SF,17,16.06,8,2%,0%,145.4,145,153,174.4,3,11,2,30,8,
166,Cairo Santos,K,CHI,17,19.12,10,-1.1%,0%,143.7,146,153,175.8,3,11,2,34,12,
167,New England Patriots,DEF,NE,17,17.10,11,0.2%,0%,99.4,95,114,129.2,3,11,2,,,
168,Brenton Strange,TE,JAC,17,13.08,7,2.5%,48%,138.6,149,159,203.9,3,11,5,25,3,2
169,Jonah Coleman,RB,DEN,17,13.09,10,0.1%,0%,70.4,50,78,242.4,3,12,12,23,0,4
170,Evan McPherson,K,CIN,17,16.11,6,0.7%,0%,145.2,148,151,177,3,12,2,27,5,5
171,Justice Hill,RB,BAL,17,27.02,13,-0.1%,32%,86.1,88,96,191.4,3,12,12,28,7,4
172,Fernando Mendoza,QB,LVR,13,18.02,13,-6.2%,23%,236,244,241,397.3,3,12,4,22,0,1
173,Aaron Rodgers,QB,PIT,17,19.02,9,-2.1%,53%,252.9,223,258,384.5,3,12,4,42,21,1
174,Jacoby Brissett,QB,ARI,13,19.07,14,-1.2%,10%,234.5,256,247,382.6,3,12,4,33,10,3
175,Jalen McMillan,WR,TB,17,14.12,10,2.6%,39%,128.6,117,151,260.2,2,12,9,24,2,3
176,Keenan Allen,WR,IND,17,16.10,13,-0.8%,49%,131.7,95,150,260.5,2,12,9,34,13,3
177,Jalen Coker,WR,CAR,17,11.11,5,-1.3%,18%,136.1,144,150,257.3,2,12,9,24,2,
178,Geno Smith,QB,NYJ,16,34.12,13,-4.4%,36%,231.6,238,241,390.8,2,12,4,35,13,2
179,Philadelphia Eagles,DEF,PHI,17,18.08,10,-14.5%,0%,101,89,106,137.1,2,12,2,,,
180,Emmett Johnson,RB,KC,17,17.03,5,0.6%,18%,63.6,34,82,217.6,2,12,12,22,0,5
181,Denzel Boston,WR,CLE,17,13.06,11,4.3%,42%,130,126,148,261.5,2,12,9,22,0,2
182,Jason Myers,K,SEA,17,13.03,11,1%,0%,146.6,164,150,175,2,12,2,35,11,
